destino,pais,tipo,presupuesto,clima,duracion,recomendado_para,descripcion_corta
París,Francia,ciudad,medio,templado,3 a 5 días,parejas,Destino: París (Francia). Tipo de viaje: ciudad. Clima: templado. Presupuesto: medio. Duración: 3 a 5 días. Recomendado para: parejas. Resumen: Descubre París en Francia. Un destino de tipo ciudad ideal para parejas. Disfruta de su clima templado con un presupuesto medio durante una escapada recomendada de 3 a 5 días. Visita la Torre Eiffel y pasea junto al Sena.
Bali,Indonesia,exótico,medio,tropical,7 a 10 días,parejas,Destino: Bali (Indonesia). Tipo de viaje: exótico. Clima: tropical. Presupuesto: medio. Duración: 7 a 10 días. Recomendado para: parejas. Resumen: Descubre Bali en Indonesia. Un destino de tipo exótico ideal para parejas. Disfruta de su clima tropical con un presupuesto medio durante una estancia recomendada de 7 a 10 días. Relájate entre templos arrozales playas y atardeceres inolvidables.
Nueva York,Estados Unidos,ciudad,caro,continental,5 a 7 días,amigos,Destino: Nueva York (Estados Unidos). Tipo de viaje: ciudad. Clima: continental. Presupuesto: caro. Duración: 5 a 7 días. Recomendado para: amigos. Resumen: Descubre Nueva York en Estados Unidos. Un destino de tipo ciudad ideal para amigos. Disfruta de su clima continental con un presupuesto caro durante un viaje recomendado de 5 a 7 días. Recorre Manhattan Central Park Times Square y sus barrios más famosos.
Cancún,México,playa,medio,tropical,5 a 7 días,familias,Destino: Cancún (México). Tipo de viaje: playa. Clima: tropical. Presupuesto: medio. Duración: 5 a 7 días. Recomendado para: familias. Resumen: Descubre Cancún en México. Un destino de tipo playa ideal para familias. Disfruta de su clima tropical con un presupuesto medio durante unas vacaciones recomendadas de 5 a 7 días. Combina resorts aguas turquesas cultura maya y excursiones por el Caribe.
Tokio,Japón,ciudad,caro,templado,7 a 10 días,amigos,Destino: Tokio (Japón). Tipo de viaje: ciudad. Clima: templado. Presupuesto: caro. Duración: 7 a 10 días. Recomendado para: amigos. Resumen: Descubre Tokio en Japón. Un destino de tipo ciudad ideal para amigos. Disfruta de su clima templado con un presupuesto caro durante una aventura recomendada de 7 a 10 días. Vive barrios futuristas templos tradicionales gastronomía japonesa y tecnología en cada esquina.
Santorini,Grecia,playa,caro,mediterráneo,4 a 6 días,parejas,Destino: Santorini (Grecia). Tipo de viaje: playa. Clima: mediterráneo. Presupuesto: caro. Duración: 4 a 6 días. Recomendado para: parejas. Resumen: Descubre Santorini en Grecia. Un destino de tipo playa ideal para parejas. Disfruta de su clima mediterráneo con un presupuesto caro durante una escapada recomendada de 4 a 6 días. Contempla casas blancas acantilados volcánicos y atardeceres sobre el mar Egeo.
Interlaken,Suiza,montaña,caro,alpino,4 a 7 días,aventureros,Destino: Interlaken (Suiza). Tipo de viaje: montaña. Clima: alpino. Presupuesto: caro. Duración: 4 a 7 días. Recomendado para: aventureros. Resumen: Descubre Interlaken en Suiza. Un destino de tipo montaña ideal para aventureros. Disfruta de su clima alpino con un presupuesto caro durante un viaje recomendado de 4 a 7 días. Practica senderismo deportes de aventura y excursiones entre lagos y picos nevados.
Lisboa,Portugal,ciudad,barato,mediterráneo,3 a 5 días,parejas,Destino: Lisboa (Portugal). Tipo de viaje: ciudad. Clima: mediterráneo. Presupuesto: barato. Duración: 3 a 5 días. Recomendado para: parejas. Resumen: Descubre Lisboa en Portugal. Un destino de tipo ciudad ideal para parejas. Disfruta de su clima mediterráneo con un presupuesto barato durante una escapada recomendada de 3 a 5 días. Pasea por Alfama prueba pasteles de nata y disfruta de miradores al río Tajo.
Marrakech,Marruecos,exótico,barato,cálido,3 a 5 días,amigos,Destino: Marrakech (Marruecos). Tipo de viaje: exótico. Clima: cálido. Presupuesto: barato. Duración: 3 a 5 días. Recomendado para: amigos. Resumen: Descubre Marrakech en Marruecos. Un destino de tipo exótico ideal para amigos. Disfruta de su clima cálido con un presupuesto barato durante una escapada recomendada de 3 a 5 días. Piérdete por zocos palacios jardines y plazas llenas de vida.
Reikiavik,Islandia,naturaleza,caro,frío,5 a 8 días,aventureros,Destino: Reikiavik (Islandia). Tipo de viaje: naturaleza. Clima: frío. Presupuesto: caro. Duración: 5 a 8 días. Recomendado para: aventureros. Resumen: Descubre Reikiavik en Islandia. Un destino de tipo naturaleza ideal para aventureros. Disfruta de su clima frío con un presupuesto caro durante una ruta recomendada de 5 a 8 días. Explora cascadas géiseres volcanes glaciares y paisajes únicos del Atlántico Norte.
Punta Cana,República Dominicana,playa,medio,tropical,6 a 9 días,familias,Destino: Punta Cana (República Dominicana). Tipo de viaje: playa. Clima: tropical. Presupuesto: medio. Duración: 6 a 9 días. Recomendado para: familias. Resumen: Descubre Punta Cana en República Dominicana. Un destino de tipo playa ideal para familias. Disfruta de su clima tropical con un presupuesto medio durante unas vacaciones recomendadas de 6 a 9 días. Relájate en hoteles todo incluido playas de arena blanca y aguas cálidas.
Roma,Italia,cultural,medio,mediterráneo,3 a 5 días,parejas,Destino: Roma (Italia). Tipo de viaje: cultural. Clima: mediterráneo. Presupuesto: medio. Duración: 3 a 5 días. Recomendado para: parejas. Resumen: Descubre Roma en Italia. Un destino de tipo cultural ideal para parejas. Disfruta de su clima mediterráneo con un presupuesto medio durante una escapada recomendada de 3 a 5 días. Visita el Coliseo el Vaticano plazas históricas y trattorias tradicionales.
Chiang Mai,Tailandia,montaña,barato,tropical,7 a 10 días,mochileros,Destino: Chiang Mai (Tailandia). Tipo de viaje: montaña. Clima: tropical. Presupuesto: barato. Duración: 7 a 10 días. Recomendado para: mochileros. Resumen: Descubre Chiang Mai en Tailandia. Un destino de tipo montaña ideal para mochileros. Disfruta de su clima tropical con un presupuesto barato durante una ruta recomendada de 7 a 10 días. Explora templos mercados selva y paisajes verdes.
Dubai,Emiratos Árabes Unidos,lujo,lujo,desértico,4 a 6 días,parejas,Destino: Dubai (Emiratos Árabes Unidos). Tipo de viaje: lujo. Clima: desértico. Presupuesto: lujo. Duración: 4 a 6 días. Recomendado para: parejas. Resumen: Descubre Dubai en Emiratos Árabes Unidos. Un destino de tipo lujo ideal para parejas. Disfruta de su clima desértico con un presupuesto de lujo durante una estancia recomendada de 4 a 6 días. Vive hoteles exclusivos rascacielos playas centros comerciales y experiencias modernas.
Praga,República Checa,ciudad,barato,continental,3 a 5 días,amigos,Destino: Praga (República Checa). Tipo de viaje: ciudad. Clima: continental. Presupuesto: barato. Duración: 3 a 5 días. Recomendado para: amigos. Resumen: Descubre Praga en República Checa. Un destino de tipo ciudad ideal para amigos. Disfruta de su clima continental con un presupuesto barato durante una escapada recomendada de 3 a 5 días. Recorre su castillo el puente de Carlos plazas medievales y cervecerías tradicionales.
Maldivas,Maldivas,playa,lujo,tropical,5 a 8 días,luna de miel,Destino: Maldivas (Maldivas). Tipo de viaje: playa. Clima: tropical. Presupuesto: lujo. Duración: 5 a 8 días. Recomendado para: luna de miel. Resumen: Descubre Maldivas en Maldivas. Un destino de tipo playa ideal para luna de miel. Disfruta de su clima tropical con un presupuesto de lujo durante una estancia recomendada de 5 a 8 días. Descansa en villas sobre el agua arrecifes coralinos y playas paradisíacas.
Buenos Aires,Argentina,ciudad,medio,templado,5 a 7 días,amigos,Destino: Buenos Aires (Argentina). Tipo de viaje: ciudad. Clima: templado. Presupuesto: medio. Duración: 5 a 7 días. Recomendado para: amigos. Resumen: Descubre Buenos Aires en Argentina. Un destino de tipo ciudad ideal para amigos. Disfruta de su clima templado con un presupuesto medio durante un viaje recomendado de 5 a 7 días. Vive el tango la arquitectura europea barrios con personalidad y una gran escena gastronómica.
Costa Rica,Costa Rica,naturaleza,medio,tropical,8 a 12 días,familias,Destino: Costa Rica (Costa Rica). Tipo de viaje: naturaleza. Clima: tropical. Presupuesto: medio. Duración: 8 a 12 días. Recomendado para: familias. Resumen: Descubre Costa Rica en Costa Rica. Un destino de tipo naturaleza ideal para familias. Disfruta de su clima tropical con un presupuesto medio durante una ruta recomendada de 8 a 12 días. Observa volcanes selvas playas fauna salvaje y parques nacionales.
Granada,España,cultural,barato,mediterráneo,2 a 4 días,parejas,Destino: Granada (España). Tipo de viaje: cultural. Clima: mediterráneo. Presupuesto: barato. Duración: 2 a 4 días. Recomendado para: parejas. Resumen: Descubre Granada en España. Un destino de tipo cultural ideal para parejas. Disfruta de su clima mediterráneo con un presupuesto barato durante una escapada recomendada de 2 a 4 días. Visita la Alhambra pasea por el Albaicín y prueba tapas tradicionales.
Queenstown,Nueva Zelanda,montaña,caro,oceánico,6 a 9 días,aventureros,Destino: Queenstown (Nueva Zelanda). Tipo de viaje: montaña. Clima: oceánico. Presupuesto: caro. Duración: 6 a 9 días. Recomendado para: aventureros. Resumen: Descubre Queenstown en Nueva Zelanda. Un destino de tipo montaña ideal para aventureros. Disfruta de su clima oceánico con un presupuesto caro durante un viaje recomendado de 6 a 9 días. Combina lagos montañas deportes extremos rutas panorámicas y naturaleza salvaje.
Cartagena de Indias,Colombia,playa,medio,tropical,4 a 6 días,parejas,Destino: Cartagena de Indias (Colombia). Tipo de viaje: playa. Clima: tropical. Presupuesto: medio. Duración: 4 a 6 días. Recomendado para: parejas. Resumen: Descubre Cartagena de Indias en Colombia. Un destino de tipo playa ideal para parejas. Disfruta de su clima tropical con un presupuesto medio durante una escapada recomendada de 4 a 6 días. Pasea por murallas coloniales playas caribeñas balcones coloridos y plazas con encanto.
Patagonia,Argentina,naturaleza,caro,frío,7 a 12 días,aventureros,Destino: Patagonia (Argentina). Tipo de viaje: naturaleza. Clima: frío. Presupuesto: caro. Duración: 7 a 12 días. Recomendado para: aventureros. Resumen: Descubre Patagonia en Argentina. Un destino de tipo naturaleza ideal para aventureros. Disfruta de su clima frío con un presupuesto caro durante una ruta recomendada de 7 a 12 días. Recorre glaciares montañas lagos senderos y paisajes salvajes del sur.
El Cairo,Egipto,cultural,medio,cálido,4 a 6 días,familias,Destino: El Cairo (Egipto). Tipo de viaje: cultural. Clima: cálido. Presupuesto: medio. Duración: 4 a 6 días. Recomendado para: familias. Resumen: Descubre El Cairo en Egipto. Un destino de tipo cultural ideal para familias. Disfruta de su clima cálido con un presupuesto medio durante un viaje recomendado de 4 a 6 días. Visita las pirámides el Museo Egipcio bazares históricos y el río Nilo.
Seúl,Corea del Sur,ciudad,medio,continental,5 a 8 días,amigos,Destino: Seúl (Corea del Sur). Tipo de viaje: ciudad. Clima: continental. Presupuesto: medio. Duración: 5 a 8 días. Recomendado para: amigos. Resumen: Descubre Seúl en Corea del Sur. Un destino de tipo ciudad ideal para amigos. Disfruta de su clima continental con un presupuesto medio durante una estancia recomendada de 5 a 8 días. Mezcla palacios tradicionales barrios modernos comida callejera tecnología y cultura pop.
Vancouver,Canadá,naturaleza,caro,oceánico,5 a 7 días,familias,Destino: Vancouver (Canadá). Tipo de viaje: naturaleza. Clima: oceánico. Presupuesto: caro. Duración: 5 a 7 días. Recomendado para: familias. Resumen: Descubre Vancouver en Canadá. Un destino de tipo naturaleza ideal para familias. Disfruta de su clima oceánico con un presupuesto caro durante un viaje recomendado de 5 a 7 días. Combina ciudad moderna parques bosques costa montañas y actividades al aire libre.
Seychelles,Seychelles,playa,lujo,tropical,6 a 9 días,luna de miel,Destino: Seychelles (Seychelles). Tipo de viaje: playa. Clima: tropical. Presupuesto: lujo. Duración: 6 a 9 días. Recomendado para: luna de miel. Resumen: Descubre Seychelles en Seychelles. Un destino de tipo playa ideal para luna de miel. Disfruta de su clima tropical con un presupuesto de lujo durante una estancia recomendada de 6 a 9 días. Relájate entre islas exclusivas playas de granito aguas cristalinas y naturaleza virgen.
Budapest,Hungría,ciudad,barato,continental,3 a 5 días,amigos,Destino: Budapest (Hungría). Tipo de viaje: ciudad. Clima: continental. Presupuesto: barato. Duración: 3 a 5 días. Recomendado para: amigos. Resumen: Descubre Budapest en Hungría. Un destino de tipo ciudad ideal para amigos. Disfruta de su clima continental con un presupuesto barato durante una escapada recomendada de 3 a 5 días. Disfruta de baños termales puentes históricos ruin pubs y vistas al Danubio.
Zanzíbar,Tanzania,exótico,medio,tropical,6 a 9 días,parejas,Destino: Zanzíbar (Tanzania). Tipo de viaje: exótico. Clima: tropical. Presupuesto: medio. Duración: 6 a 9 días. Recomendado para: parejas. Resumen: Descubre Zanzíbar en Tanzania. Un destino de tipo exótico ideal para parejas. Disfruta de su clima tropical con un presupuesto medio durante una estancia recomendada de 6 a 9 días. Explora playas de arena blanca Stone Town especias arrecifes y ambiente africano.
Oporto,Portugal,cultural,barato,atlántico,2 a 4 días,parejas,Destino: Oporto (Portugal). Tipo de viaje: cultural. Clima: atlántico. Presupuesto: barato. Duración: 2 a 4 días. Recomendado para: parejas. Resumen: Descubre Oporto en Portugal. Un destino de tipo cultural ideal para parejas. Disfruta de su clima atlántico con un presupuesto barato durante una escapada recomendada de 2 a 4 días. Cruza el puente Dom Luís prueba vino de Oporto y pasea por la Ribeira.
Bangkok,Tailandia,ciudad,barato,tropical,4 a 7 días,mochileros,Destino: Bangkok (Tailandia). Tipo de viaje: ciudad. Clima: tropical. Presupuesto: barato. Duración: 4 a 7 días. Recomendado para: mochileros. Resumen: Descubre Bangkok en Tailandia. Un destino de tipo ciudad ideal para mochileros. Disfruta de su clima tropical con un presupuesto barato durante un viaje recomendado de 4 a 7 días. Vive templos dorados mercados nocturnos canales comida callejera y barrios llenos de energía.
Petra,Jordania,cultural,medio,desértico,3 a 5 días,aventureros,Destino: Petra (Jordania). Tipo de viaje: cultural. Clima: desértico. Presupuesto: medio. Duración: 3 a 5 días. Recomendado para: aventureros. Resumen: Descubre Petra en Jordania. Un destino de tipo cultural ideal para aventureros. Disfruta de su clima desértico con un presupuesto medio durante una ruta recomendada de 3 a 5 días. Camina por el Siq contempla el Tesoro y descubre antiguas ciudades excavadas en roca.
Viena,Austria,cultural,medio,continental,3 a 5 días,parejas,Destino: Viena (Austria). Tipo de viaje: cultural. Clima: continental. Presupuesto: medio. Duración: 3 a 5 días. Recomendado para: parejas. Resumen: Descubre Viena en Austria. Un destino de tipo cultural ideal para parejas. Disfruta de su clima continental con un presupuesto medio durante una escapada recomendada de 3 a 5 días. Visita palacios imperiales cafés clásicos museos elegantes y salas de música histórica.
Riviera Maya,México,playa,medio,tropical,6 a 9 días,familias,Destino: Riviera Maya (México). Tipo de viaje: playa. Clima: tropical. Presupuesto: medio. Duración: 6 a 9 días. Recomendado para: familias. Resumen: Descubre Riviera Maya en México. Un destino de tipo playa ideal para familias. Disfruta de su clima tropical con un presupuesto medio durante unas vacaciones recomendadas de 6 a 9 días. Combina cenotes ruinas mayas resorts naturaleza marina y playas caribeñas.
Madeira,Portugal,naturaleza,medio,subtropical,5 a 7 días,parejas,Destino: Madeira (Portugal). Tipo de viaje: naturaleza. Clima: subtropical. Presupuesto: medio. Duración: 5 a 7 días. Recomendado para: parejas. Resumen: Descubre Madeira en Portugal. Un destino de tipo naturaleza ideal para parejas. Disfruta de su clima subtropical con un presupuesto medio durante una ruta recomendada de 5 a 7 días. Recorre levadas acantilados miradores jardines y pueblos junto al Atlántico.
Cuzco,Perú,montaña,medio,andino,5 a 8 días,aventureros,Destino: Cuzco (Perú). Tipo de viaje: montaña. Clima: andino. Presupuesto: medio. Duración: 5 a 8 días. Recomendado para: aventureros. Resumen: Descubre Cuzco en Perú. Un destino de tipo montaña ideal para aventureros. Disfruta de su clima andino con un presupuesto medio durante una ruta recomendada de 5 a 8 días. Explora el Valle Sagrado Machu Picchu mercados locales y paisajes de altura.
Yosemite,Estados Unidos,naturaleza,medio,montañoso,3 a 5 días,familias,Destino: Yosemite (Estados Unidos). Tipo de viaje: naturaleza. Clima: montañoso. Presupuesto: medio. Duración: 3 a 5 días. Recomendado para: familias. Resumen: Descubre Yosemite en Estados Unidos. Un destino de tipo naturaleza ideal para familias. Disfruta de su clima montañoso con un presupuesto medio durante una escapada recomendada de 3 a 5 días. Admira cascadas paredes de granito bosques gigantes y senderos panorámicos.
Nairobi,Kenia,safari,medio,tropical,5 a 8 días,familias,Destino: Nairobi (Kenia). Tipo de viaje: safari. Clima: tropical. Presupuesto: medio. Duración: 5 a 8 días. Recomendado para: familias. Resumen: Descubre Nairobi en Kenia. Un destino de tipo safari ideal para familias. Disfruta de su clima tropical con un presupuesto medio durante un viaje recomendado de 5 a 8 días. Observa fauna africana parques nacionales jirafas rinocerontes y cultura local.
Estambul,Turquía,cultural,medio,mediterráneo,4 a 6 días,parejas,Destino: Estambul (Turquía). Tipo de viaje: cultural. Clima: mediterráneo. Presupuesto: medio. Duración: 4 a 6 días. Recomendado para: parejas. Resumen: Descubre Estambul en Turquía. Un destino de tipo cultural ideal para parejas. Disfruta de su clima mediterráneo con un presupuesto medio durante una escapada recomendada de 4 a 6 días. Cruza entre Europa y Asia visita mezquitas bazares palacios y el Bósforo.
Laponia,Finlandia,naturaleza,caro,polar,4 a 7 días,familias,Destino: Laponia (Finlandia). Tipo de viaje: naturaleza. Clima: polar. Presupuesto: caro. Duración: 4 a 7 días. Recomendado para: familias. Resumen: Descubre Laponia en Finlandia. Un destino de tipo naturaleza ideal para familias. Disfruta de su clima polar con un presupuesto caro durante una estancia recomendada de 4 a 7 días. Vive nieve auroras boreales bosques árticos trineos y experiencias mágicas de invierno.
Dubrovnik,Croacia,costa,medio,mediterráneo,3 a 5 días,parejas,Destino: Dubrovnik (Croacia). Tipo de viaje: costa. Clima: mediterráneo. Presupuesto: medio. Duración: 3 a 5 días. Recomendado para: parejas. Resumen: Descubre Dubrovnik en Croacia. Un destino de tipo costa ideal para parejas. Disfruta de su clima mediterráneo con un presupuesto medio durante una escapada recomendada de 3 a 5 días. Recorre murallas históricas calles de piedra playas del Adriático y miradores al mar.
Azores,Portugal,naturaleza,medio,atlántico,5 a 8 días,aventureros,Destino: Azores (Portugal). Tipo de viaje: naturaleza. Clima: atlántico. Presupuesto: medio. Duración: 5 a 8 días. Recomendado para: aventureros. Resumen: Descubre Azores en Portugal. Un destino de tipo naturaleza ideal para aventureros. Disfruta de su clima atlántico con un presupuesto medio durante una ruta recomendada de 5 a 8 días. Explora lagunas volcánicas termas senderos ballenas acantilados y paisajes verdes.
